{"cameraMode":{"drawMode":0,"name":"Shaded","section":"Shading Mode"},"sceneLighting":false,"audioPlay":false,"sceneViewState":{"m_AlwaysRefresh":false,"showFog":true,"showSkybox":false,"showFlares":true,"showImageEffects":true,"showParticleSystems":true,"showVisualEffectGraphs":true,"m_FxEnabled":true},"in2DMode":false,"pivot":{"x":7.450580596923828e-9,"y":0.025161072611808778,"z":0.11048589646816254},"rotation":{"x":0.11175936460494995,"y":-0.6564580798149109,"z":0.09920987486839295,"w":0.7394421100616455},"size":0.1722584366798401,"orthographic":false}